key,key:user-account
authenticated-employer-01,user-account-employer-01
authenticated-employer-02,user-account-employer-02
authenticated-employer-03,user-account-employer-03
authenticated-worker-01,user-account-worker-01
authenticated-worker-02,user-account-worker-02
authenticated-epicure-01,user-account-epicure-01
authenticated-epicure-02,user-account-epicure-02
authenticated-epicure-03,user-account-epicure-03
authenticated-chef-01,user-account-chef-01
authenticated-chef-02,user-account-chef-02
authenticated-chef-03,user-account-chef-03
